{
  "No disease": {
    "precision": 0.85,
    "recall": 0.8292682926829268,
    "f1-score": 0.8395061728395061,
    "support": 82.0
  },
  "Disease": {
    "precision": 0.8653846153846154,
    "recall": 0.8823529411764706,
    "f1-score": 0.8737864077669902,
    "support": 102.0
  },
  "accuracy": 0.8586956521739131,
  "macro avg": {
    "precision": 0.8576923076923078,
    "recall": 0.8558106169296986,
    "f1-score": 0.8566462903032481,
    "support": 184.0
  },
  "weighted avg": {
    "precision": 0.8585284280936455,
    "recall": 0.8586956521739131,
    "f1-score": 0.858509346549307,
    "support": 184.0
  }
}