{
  "No disease": {
    "precision": 0.8271604938271605,
    "recall": 0.8170731707317073,
    "f1-score": 0.8220858895705522,
    "support": 82.0
  },
  "Disease": {
    "precision": 0.8543689320388349,
    "recall": 0.8627450980392157,
    "f1-score": 0.8585365853658536,
    "support": 102.0
  },
  "accuracy": 0.842391304347826,
  "macro avg": {
    "precision": 0.8407647129329977,
    "recall": 0.8399091343854614,
    "f1-score": 0.8403112374682029,
    "support": 184.0
  },
  "weighted avg": {
    "precision": 0.8422434324010234,
    "recall": 0.842391304347826,
    "f1-score": 0.8422922535440344,
    "support": 184.0
  }
}